what,kind,bundleId,bundleVersion,description,time
stopped,bundle,org.eclipse.jst.j2ee.xdoclet.runtime,1.1.300.v201004280700,"org.eclipse.jst.j2ee.xdoclet.runtime",1312167875785
stopped,bundle,org.eclipse.jst.j2ee.ejb.annotations.xdoclet,1.2.100.v201003112036,"org.eclipse.jst.j2ee.ejb.annotations.xdoclet",1312167875786
stopped,bundle,org.eclipse.jst.server.generic.jboss,1.6.1.v200904151730,"org.eclipse.jst.server.generic.jboss",1312167875788
stopped,bundle,org.eclipse.jst.server.generic.jonas,1.5.205.v200805140145,"org.eclipse.jst.server.generic.jonas",1312167875789
stopped,bundle,org.eclipse.jst.server.generic.oc4j,1.5.206.v20090812,"org.eclipse.jst.server.generic.oc4j",1312167875790
stopped,bundle,org.eclipse.jst.server.websphere.core,1.0.302.v20080620,"org.eclipse.jst.server.websphere.core",1312167875791
stopped,bundle,org.eclipse.jst.server.generic.ui,1.0.505.v20100428,"org.eclipse.jst.server.generic.ui",1312167875791
stopped,bundle,org.eclipse.jst.server.generic.core,1.0.606.v20100512,"org.eclipse.jst.server.generic.core",1312167875793
stopped,bundle,org.eclipse.mylyn.ide.ant,3.4.0.v20100608-0100-e3x,"org.eclipse.mylyn.ide.ant",1312167875794
stopped,bundle,org.eclipse.datatools.connectivity.oda.template.ui,3.2.1.v201004090942,"org.eclipse.datatools.connectivity.oda.template.ui",1312167875795
stopped,bundle,org.eclipse.pde.api.tools.ui,1.0.201.v20100820_r361,"org.eclipse.pde.api.tools.ui",1312167875796
stopped,bundle,org.eclipse.pde.ds.ui,1.0.100.v20100601,"org.eclipse.pde.ds.ui",1312167875797
stopped,bundle,com.soyatec.database,2.2.0.20091121,"com.soyatec.database",1312167875799
stopped,bundle,com.soyatec.edepend,3.4.0.20091121,"com.soyatec.edepend",1312167875800
stopped,bundle,com.soyatec.eemf,3.4.0.20091121,"com.soyatec.eemf",1312167875801
stopped,bundle,com.soyatec.euml2,3.4.0.20091121,"com.soyatec.euml2",1312167875802
stopped,bundle,com.soyatec.project.diagram,1.7.0.20091121,"com.soyatec.project.diagram",1312167875803
stopped,bundle,com.soyatec.project,1.7.0.20091121,"com.soyatec.project",1312167875804
stopped,bundle,com.soyatec.additional,2.7.0.20091121,"com.soyatec.additional",1312167875805
stopped,bundle,com.soyatec.core,2.7.0.20091121,"com.soyatec.core",1312167875806
stopped,bundle,org.eclipse.pde.runtime,3.4.200.v20100601,"org.eclipse.pde.runtime",1312167875807
stopped,bundle,org.eclipse.pde.ua.ui,1.0.100.v20100504,"org.eclipse.pde.ua.ui",1312167875809
stopped,bundle,org.eclipse.pde.ui.templates,3.4.200.v20100601,"org.eclipse.pde.ui.templates",1312167875810
stopped,bundle,org.eclipse.uml2.diagram.codegen.edit,0.9.0.v200906190654,"org.eclipse.uml2.diagram.codegen.edit",1312167875812
stopped,bundle,org.eclipse.uml2.diagram.codegen,0.9.0.v200906190654,"org.eclipse.uml2.diagram.codegen",1312167875812
stopped,bundle,org.eclipse.gmf.codegen.ui,1.1.200.v20100302-2359,"org.eclipse.gmf.codegen.ui",1312167875816
stopped,bundle,org.eclipse.pde.ui,3.6.1.v20100810_r361,"org.eclipse.pde.ui",1312167875819
stopped,bundle,org.eclipse.ant.ui,3.5.0.v20100427,"org.eclipse.ant.ui",1312167875821
stopped,bundle,org.eclipse.ant.launching,1.0.0.v20100427,"org.eclipse.ant.launching",1312167875825
stopped,bundle,org.eclipse.compare.win32,1.0.100.I20100505-1245,"org.eclipse.compare.win32",1312167875826
stopped,bundle,org.eclipse.equinox.p2.ui.sdk,1.0.100.v20100513,"org.eclipse.equinox.p2.ui.sdk",1312167875827
stopped,bundle,org.eclipse.jst.server.tomcat.ui,1.1.200.v20100418,"org.eclipse.jst.server.tomcat.ui",1312167875827
stopped,bundle,org.eclipse.jst.server.ui,1.1.101.v20100823b,"org.eclipse.jst.server.ui",1312167875827
stopped,bundle,org.eclipse.mylyn.java.tasks,3.4.0.v20100608-0100-e3x,"org.eclipse.mylyn.java.tasks",1312167875828
stopped,bundle,org.eclipse.mylyn.java.ui,3.4.0.v20100608-0100-e3x,"org.eclipse.mylyn.java.ui",1312167875829
stopped,bundle,com.android.ide.eclipse.adt,10.0.1.v201103111512-110841,"com.android.ide.eclipse.adt",1312167875832
stopped,bundle,org.maven.ide.eclipse.launching,0.12.1.20110112-1712,"org.maven.ide.eclipse.launching",1312167875832
stopped,bundle,org.eclipse.jdt.junit,3.6.1.r361_v20100825-0800,"org.eclipse.jdt.junit",1312167875833
stopped,bundle,org.eclipse.jpt.eclipselink.ui,1.3.0.v201004280001,"org.eclipse.jpt.eclipselink.ui",1312167875834
stopped,bundle,org.eclipse.jpt.eclipselink.core,1.3.1.v201007142310,"org.eclipse.jpt.eclipselink.core",1312167875836
stopped,bundle,org.eclipse.jpt.jaxb.ui,1.0.1.v201006300000,"org.eclipse.jpt.jaxb.ui",1312167875837
stopped,bundle,org.eclipse.jpt.ui,2.3.2.v201008252310,"org.eclipse.jpt.ui",1312167875838
stopped,bundle,org.eclipse.jpt.core,2.3.2.v201008252310,"org.eclipse.jpt.core",1312167875838
stopped,bundle,org.eclipse.jpt.db,1.2.201.v201008242310,"org.eclipse.jpt.db",1312167875839
stopped,bundle,org.eclipse.datatools.enablement.jdt.classpath,1.0.1.v201004070709,"org.eclipse.datatools.enablement.jdt.classpath",1312167875840
stopped,bundle,org.eclipse.jdt.apt.ui,3.3.300.v20100513-0845,"org.eclipse.jdt.apt.ui",1312167875841
stopped,bundle,org.eclipse.datatools.enablement.sybase.asa.schemaobjecteditor.examples,2.5.0.200810071,"org.eclipse.datatools.enablement.sybase.asa.schemaobjecteditor.examples",1312167875843
stopped,bundle,org.eclipse.datatools.sqltools.debugger.core.ui,1.0.0.v201003161000,"org.eclipse.datatools.sqltools.debugger.core.ui",1312167875844
stopped,bundle,org.eclipse.jst.server.preview.adapter,1.1.100.v20100308,"org.eclipse.jst.server.preview.adapter",1312167875844
stopped,bundle,org.eclipse.wst.xsl.jaxp.debug.ui,1.0.100.v201004290328,"org.eclipse.wst.xsl.jaxp.debug.ui",1312167875845
stopped,bundle,com.iw.plugins.jettylauncher,1.4.1,"com.iw.plugins.jettylauncher",1312167875847
stopped,bundle,org.eclipse.jdt.debug.ui,3.5.0.v20100602-0830,"org.eclipse.jdt.debug.ui",1312167875848
stopped,bundle,org.eclipse.jst.common.annotations.ui,1.1.300.v201002081900,"org.eclipse.jst.common.annotations.ui",1312167875849
stopped,bundle,org.eclipse.jst.j2ee.ejb.annotations.ui,1.1.200.v201004290730,"org.eclipse.jst.j2ee.ejb.annotations.ui",1312167875850
stopped,bundle,org.eclipse.jst.ejb.ui,1.1.501.v201007070821,"org.eclipse.jst.ejb.ui",1312167875851
stopped,bundle,org.eclipse.jst.ws.axis.creation.ui,1.0.600.v201008171516,"org.eclipse.jst.ws.axis.creation.ui",1312167875852
stopped,bundle,org.eclipse.jst.ws.axis.consumption.ui,1.0.505.v201004211805,"org.eclipse.jst.ws.axis.consumption.ui",1312167875853
stopped,bundle,org.eclipse.jst.ws.axis2.creation.ui,1.0.104.v201004211805,"org.eclipse.jst.ws.axis2.creation.ui",1312167875854
stopped,bundle,org.eclipse.jst.ws.axis2.consumption.ui,1.0.103.v201004211805,"org.eclipse.jst.ws.axis2.consumption.ui",1312167875855
stopped,bundle,org.eclipse.jst.ws.axis2.creation.core,1.0.106.v201004211805,"org.eclipse.jst.ws.axis2.creation.core",1312167875856
stopped,bundle,org.eclipse.jst.ws.axis2.consumption.core,1.0.105.v201004211805,"org.eclipse.jst.ws.axis2.consumption.core",1312167875857
stopped,bundle,org.eclipse.jst.ws.cxf.creation.ui,1.0.0.v201003311345,"org.eclipse.jst.ws.cxf.creation.ui",1312167875858
stopped,bundle,org.eclipse.jst.ws.creation.ui,1.0.508.v201006011553,"org.eclipse.jst.ws.creation.ui",1312167875859
stopped,bundle,org.eclipse.jst.ws.cxf.consumption.ui,1.0.0.v201003222311,"org.eclipse.jst.ws.cxf.consumption.ui",1312167875860
stopped,bundle,org.eclipse.jst.ws.consumption.ui,1.1.300.v201008252303,"org.eclipse.jst.ws.consumption.ui",1312167875862
stopped,bundle,org.eclipse.jst.j2ee.webservice.ui,1.1.400.v201004110600,"org.eclipse.jst.j2ee.webservice.ui",1312167875862
stopped,bundle,org.eclipse.jst.servlet.ui,1.1.402.v201008261918,"org.eclipse.jst.servlet.ui",1312167875862
stopped,bundle,org.eclipse.jst.ws.jaxws.dom.integration,1.0.0.v201004171919,"org.eclipse.jst.ws.jaxws.dom.integration",1312167875862
stopped,bundle,org.eclipse.jst.jee.ui,1.0.302.v201009011600,"org.eclipse.jst.jee.ui",1312167875862
stopped,bundle,org.eclipse.jst.j2ee.navigator.ui,1.1.402.v201009081300,"org.eclipse.jst.j2ee.navigator.ui",1312167875862
stopped,bundle,org.eclipse.jst.j2ee.jca.ui,1.1.400.v201004150700,"org.eclipse.jst.j2ee.jca.ui",1312167875863
stopped,bundle,org.eclipse.jst.j2ee.ui,1.1.402.v201009080200,"org.eclipse.jst.j2ee.ui",1312167875864
stopped,bundle,org.eclipse.jst.jsf.facelet.ui,1.0.0.v20100602,"org.eclipse.jst.jsf.facelet.ui",1312167875864
stopped,bundle,org.eclipse.jst.jsf.ui,1.3.1.v20100906,"org.eclipse.jst.jsf.ui",1312167875866
stopped,bundle,org.eclipse.jst.ws.jaxrs.ui,1.0.300.v201008201959,"org.eclipse.jst.ws.jaxrs.ui",1312167875873
stopped,bundle,org.eclipse.jst.common.project.facet.ui,1.4.102.v201008182136,"org.eclipse.jst.common.project.facet.ui",1312167875874
stopped,bundle,org.eclipse.jst.j2ee.ejb.annotations.emitter,1.1.200.v200909290826,"org.eclipse.jst.j2ee.ejb.annotations.emitter",1312167875875
stopped,bundle,org.eclipse.jst.jsf.apache.trinidad.tagsupport,1.1.101.v20100906,"org.eclipse.jst.jsf.apache.trinidad.tagsupport",1312167875875
stopped,bundle,org.eclipse.jst.jsf.facesconfig.ui,1.2.0.v20100421,"org.eclipse.jst.jsf.facesconfig.ui",1312167875876
stopped,bundle,org.eclipse.jst.pagedesigner.jsf.ui,1.2.0.v20100414,"org.eclipse.jst.pagedesigner.jsf.ui",1312167875877
stopped,bundle,org.eclipse.jst.pagedesigner,1.3.1.v20100906,"org.eclipse.jst.pagedesigner",1312167875877
stopped,bundle,org.eclipse.jst.jsf.common.ui,1.2.0.v20100329,"org.eclipse.jst.jsf.common.ui",1312167875877
stopped,bundle,org.eclipse.jst.jsf.facelet.core,1.0.1.v20100712,"org.eclipse.jst.jsf.facelet.core",1312167875878
stopped,bundle,org.eclipse.jst.jsf.core,1.3.2.v20100906,"org.eclipse.jst.jsf.core",1312167875878
stopped,bundle,org.eclipse.jst.jsf.standard.tagsupport,1.2.1.v20100906,"org.eclipse.jst.jsf.standard.tagsupport",1312167875879
stopped,bundle,org.eclipse.jst.pagedesigner.jsp.core,1.2.0.v20100308,"org.eclipse.jst.pagedesigner.jsp.core",1312167875880
stopped,bundle,org.eclipse.jst.jsf.common,1.2.1.v20100827,"org.eclipse.jst.jsf.common",1312167875880
stopped,bundle,org.eclipse.jst.ws.cxf.consumption.core,1.0.0.v201003222311,"org.eclipse.jst.ws.cxf.consumption.core",1312167875881
stopped,bundle,org.eclipse.jst.ws.cxf.creation.core,1.0.0.v201003311345,"org.eclipse.jst.ws.cxf.creation.core",1312167875882
stopped,bundle,org.eclipse.jst.ws.cxf.ui,1.0.0.v201004171919,"org.eclipse.jst.ws.cxf.ui",1312167875883
stopped,bundle,org.eclipse.jst.ws.cxf.core,1.0.0.v201003311345,"org.eclipse.jst.ws.cxf.core",1312167875883
stopped,bundle,org.eclipse.jst.ws.jaxws.ui,1.0.1.v201008232129,"org.eclipse.jst.ws.jaxws.ui",1312167875884
stopped,bundle,org.eclipse.jst.ws.jaxws.core,1.0.0.v201004171919,"org.eclipse.jst.ws.jaxws.core",1312167875885
stopped,bundle,org.eclipse.jst.ws.annotations.core,1.0.0.v201004262257,"org.eclipse.jst.ws.annotations.core",1312167875886
stopped,bundle,org.eclipse.jst.ws.axis2.ui,1.0.303.v201003110431,"org.eclipse.jst.ws.axis2.ui",1312167875887
stopped,bundle,org.eclipse.jst.ws.uddiregistry,1.0.500.v201004211805,"org.eclipse.jst.ws.uddiregistry",1312167875888
stopped,bundle,org.eclipse.jst.ws.ui,1.0.403.v201004211805,"org.eclipse.jst.ws.ui",1312167875889
stopped,bundle,org.eclipse.gmf.bridge.ui.dashboard,2.0.100.v20100226-2359,"org.eclipse.gmf.bridge.ui.dashboard",1312167875940
stopped,bundle,org.eclipse.gmf.bridge.ui,1.2.100.v20090709-1925,"org.eclipse.gmf.bridge.ui",1312167875969
stopped,bundle,org.eclipse.gmf.bridge.trace,1.0.200.v200912151755,"org.eclipse.gmf.bridge.trace",1312167875984
stopped,bundle,org.eclipse.gmf.bridge,1.1.100.v20100309-2359,"org.eclipse.gmf.bridge",1312167876009
activated,perspective,org.eclipse.jst.j2ee.ui,,"org.eclipse.jst.j2ee.J2EEPerspective",1312167992599
started,bundle,org.eclipse.osgi,3.6.1.R36x_v20100806,"org.eclipse.osgi",1312167992600
started,bundle,org.eclipse.equinox.simpleconfigurator,1.0.200.v20100503,"org.eclipse.equinox.simpleconfigurator",1312167992601
started,bundle,com.ibm.icu,4.2.1.v20100412,"com.ibm.icu",1312167992602
started,bundle,org.eclipse.compare,3.5.100.I20100526-0800,"org.eclipse.compare",1312167992603
started,bundle,org.eclipse.core.contenttype,3.4.100.v20100505-1235,"org.eclipse.core.contenttype",1312167992604
started,bundle,org.eclipse.core.databinding.observable,1.3.0.I20100601-0800,"org.eclipse.core.databinding.observable",1312167992605
started,bundle,org.eclipse.core.expressions,3.4.200.v20100505,"org.eclipse.core.expressions",1312167992606
started,bundle,org.eclipse.core.filebuffers,3.5.100.v20100520-0800,"org.eclipse.core.filebuffers",1312167992607
started,bundle,org.eclipse.core.filesystem,1.3.1.R36x_v20100727-0745,"org.eclipse.core.filesystem",1312167992608
started,bundle,org.eclipse.core.jobs,3.5.1.R36x_v20100824,"org.eclipse.core.jobs",1312167992609
started,bundle,org.eclipse.core.net,1.2.100.I20100511-0800,"org.eclipse.core.net",1312167992610
started,bundle,org.eclipse.core.resources,3.6.0.R36x_v20100825-0600,"org.eclipse.core.resources",1312167992612
started,bundle,org.eclipse.core.runtime,3.6.0.v20100505,"org.eclipse.core.runtime",1312167992612
started,bundle,org.eclipse.core.runtime.compatibility,3.2.100.v20100505,"org.eclipse.core.runtime.compatibility",1312167992613
started,bundle,org.eclipse.core.runtime.compatibility.auth,3.2.200.v20100517,"org.eclipse.core.runtime.compatibility.auth",1312167992614
started,bundle,org.eclipse.debug.core,3.6.0.v20100519,"org.eclipse.debug.core",1312167992615
started,bundle,org.eclipse.emf.common,2.6.0.v20100914-1218,"org.eclipse.emf.common",1312167992616
started,bundle,org.eclipse.emf.common.ui,2.6.0.v20100914-1218,"org.eclipse.emf.common.ui",1312167992617
started,bundle,org.eclipse.emf.ecore,2.6.1.v20100914-1218,"org.eclipse.emf.ecore",1312167992619
started,bundle,org.eclipse.emf.ecore.xmi,2.5.0.v20100521-1846,"org.eclipse.emf.ecore.xmi",1312167992620
started,bundle,org.eclipse.emf.edit,2.6.0.v20100914-1218,"org.eclipse.emf.edit",1312167992621
started,bundle,org.eclipse.emf.edit.ui,2.6.0.v20100914-1218,"org.eclipse.emf.edit.ui",1312167992622
started,bundle,org.eclipse.equinox.app,1.3.1.R36x_v20100803,"org.eclipse.equinox.app",1312167992623
started,bundle,org.eclipse.equinox.common,3.6.0.v20100503,"org.eclipse.equinox.common",1312167992623
started,bundle,org.eclipse.equinox.ds,1.2.1.R36x_v20100803,"org.eclipse.equinox.ds",1312167992624
started,bundle,org.eclipse.equinox.event,1.2.0.v20100503,"org.eclipse.equinox.event",1312167992625
started,bundle,org.eclipse.equinox.p2.core,2.0.2.R36x_v20100804,"org.eclipse.equinox.p2.core",1312167992625
started,bundle,org.eclipse.equinox.p2.directorywatcher,1.0.202.R36x_v20100727,"org.eclipse.equinox.p2.directorywatcher",1312167992626
started,bundle,org.eclipse.equinox.p2.engine,2.0.0.v20100606,"org.eclipse.equinox.p2.engine",1312167992627
started,bundle,org.eclipse.equinox.p2.metadata,2.0.0.v20100601,"org.eclipse.equinox.p2.metadata",1312167992628
started,bundle,org.eclipse.equinox.p2.metadata.repository,1.1.0.v20100513,"org.eclipse.equinox.p2.metadata.repository",1312167992629
started,bundle,org.eclipse.equinox.p2.operations,2.0.0.v20100510,"org.eclipse.equinox.p2.operations",1312167992630
started,bundle,org.eclipse.equinox.p2.publisher,1.1.2.v20100824-2220,"org.eclipse.equinox.p2.publisher",1312167992631
started,bundle,org.eclipse.equinox.p2.reconciler.dropins,1.1.0.v20100525,"org.eclipse.equinox.p2.reconciler.dropins",1312167992632
started,bundle,org.eclipse.equinox.p2.repository,2.0.1.R36x_v20100823,"org.eclipse.equinox.p2.repository",1312167992633
started,bundle,org.eclipse.equinox.p2.ui.sdk.scheduler,1.0.0.v20100507-1815,"org.eclipse.equinox.p2.ui.sdk.scheduler",1312167992633
started,bundle,org.eclipse.equinox.p2.updatechecker,1.1.101.R36x_v20100823,"org.eclipse.equinox.p2.updatechecker",1312167992634
started,bundle,org.eclipse.equinox.preferences,3.3.0.v20100503,"org.eclipse.equinox.preferences",1312167992635
started,bundle,org.eclipse.equinox.registry,3.5.0.v20100503,"org.eclipse.equinox.registry",1312167992636
started,bundle,org.eclipse.equinox.security,1.0.200.v20100503,"org.eclipse.equinox.security",1312167992638
started,bundle,org.eclipse.equinox.util,1.0.200.v20100503,"org.eclipse.equinox.util",1312167992639
started,bundle,org.eclipse.help,3.5.0.v20100524,"org.eclipse.help",1312167992640
started,bundle,org.eclipse.jdt.core,3.6.1.v_A68_R36x,"org.eclipse.jdt.core",1312167992642
started,bundle,org.eclipse.jdt.core.manipulation,1.3.0.v20100520-0800,"org.eclipse.jdt.core.manipulation",1312167992643
started,bundle,org.eclipse.jdt.launching,3.5.100.v20100526,"org.eclipse.jdt.launching",1312167992644
started,bundle,org.eclipse.jdt.ui,3.6.1.r361_v20100825-0800,"org.eclipse.jdt.ui",1312167992644
started,bundle,org.eclipse.jface,3.6.1.M20100825-0800,"org.eclipse.jface",1312167992645
started,bundle,org.eclipse.jsch.core,1.1.200.I20100505-1245,"org.eclipse.jsch.core",1312167992646
started,bundle,org.eclipse.jst.common.project.facet.core,1.4.102.v201008182136,"org.eclipse.jst.common.project.facet.core",1312167992647
started,bundle,org.eclipse.jst.j2ee.navigator.ui,1.1.402.v201009081300,"org.eclipse.jst.j2ee.navigator.ui",1312167992648
started,bundle,org.eclipse.jst.j2ee.ui,1.1.402.v201009080200,"org.eclipse.jst.j2ee.ui",1312167992649
started,bundle,org.eclipse.jst.j2ee.webservice,1.1.400.v201004110600,"org.eclipse.jst.j2ee.webservice",1312167992651
started,bundle,org.eclipse.jst.j2ee.webservice.ui,1.1.400.v201004110600,"org.eclipse.jst.j2ee.webservice.ui",1312167992652
started,bundle,org.eclipse.jst.jee.ui,1.0.302.v201009011600,"org.eclipse.jst.jee.ui",1312167992653
started,bundle,org.eclipse.jst.server.core,1.2.101.v20100421,"org.eclipse.jst.server.core",1312167992654
started,bundle,org.eclipse.jst.server.tomcat.core,1.1.202.v20100818b,"org.eclipse.jst.server.tomcat.core",1312167992655
started,bundle,org.eclipse.jst.ws.jaxrs.core,1.0.200.v201008201800,"org.eclipse.jst.ws.jaxrs.core",1312167992656
started,bundle,org.eclipse.jst.ws.jaxws.utils,1.0.0.v201004171919,"org.eclipse.jst.ws.jaxws.utils",1312167992657
started,bundle,org.eclipse.ltk.core.refactoring,3.5.100.v20100526-0800,"org.eclipse.ltk.core.refactoring",1312167992658
started,bundle,org.eclipse.ltk.ui.refactoring,3.5.0.v20100526-0800,"org.eclipse.ltk.ui.refactoring",1312167992659
started,bundle,org.eclipse.mylyn.bugzilla.core,3.4.2.v20100902-0100-e3x,"org.eclipse.mylyn.bugzilla.core",1312167992660
started,bundle,org.eclipse.mylyn.bugzilla.ui,3.4.2.v20100909-0100-e3x,"org.eclipse.mylyn.bugzilla.ui",1312167992661
started,bundle,org.eclipse.mylyn.commons.net,3.4.1.v20100625-2100-e3x,"org.eclipse.mylyn.commons.net",1312167992661
started,bundle,org.eclipse.mylyn.commons.ui,3.4.0.v20100608-0100-e3x,"org.eclipse.mylyn.commons.ui",1312167992662
started,bundle,org.eclipse.mylyn.context.core,3.4.1.v20100909-0100-e3x,"org.eclipse.mylyn.context.core",1312167992663
started,bundle,org.eclipse.mylyn.context.ui,3.4.1.v20100909-0100-e3x,"org.eclipse.mylyn.context.ui",1312167992664
started,bundle,org.eclipse.mylyn.monitor.ui,3.4.0.v20100608-0100-e3x,"org.eclipse.mylyn.monitor.ui",1312167992664
started,bundle,org.eclipse.mylyn.tasks.ui,3.4.2.v20100902-0100-e3x,"org.eclipse.mylyn.tasks.ui",1312167992666
started,bundle,org.eclipse.mylyn.team.ui,3.4.2.v20100909-0100-e3x,"org.eclipse.mylyn.team.ui",1312167992666
started,bundle,org.eclipse.search,3.6.0.v20100520-0800,"org.eclipse.search",1312167992667
started,bundle,org.eclipse.team.core,3.5.100.R36x_v20100825-0800,"org.eclipse.team.core",1312167992669
started,bundle,org.eclipse.team.cvs.core,3.3.300.I20100526-0800,"org.eclipse.team.cvs.core",1312167992670
started,bundle,org.eclipse.team.cvs.ui,3.3.301.R36x_v20100825-0800,"org.eclipse.team.cvs.ui",1312167992672
started,bundle,org.eclipse.team.ui,3.5.101.R36x_v20100825-0800,"org.eclipse.team.ui",1312167992673
started,bundle,org.eclipse.ui,3.6.1.M20100826-1330,"org.eclipse.ui",1312167992674
started,bundle,org.eclipse.ui.console,3.5.0.v20100526,"org.eclipse.ui.console",1312167992675
started,bundle,org.eclipse.ui.editors,3.6.1.r361_v20100825-0800,"org.eclipse.ui.editors",1312167992675
started,bundle,org.eclipse.ui.forms,3.5.2.r36_v20100702,"org.eclipse.ui.forms",1312167992676
started,bundle,org.eclipse.ui.ide,3.6.1.M20100825-0800,"org.eclipse.ui.ide",1312167992679
started,bundle,org.eclipse.ui.navigator,3.5.0.I20100601-0800,"org.eclipse.ui.navigator",1312167992679
started,bundle,org.eclipse.ui.navigator.resources,3.4.201.M20100707-0800,"org.eclipse.ui.navigator.resources",1312167992680
started,bundle,org.eclipse.ui.net,1.2.100.I20100505-1245,"org.eclipse.ui.net",1312167992681
started,bundle,org.eclipse.ui.views,3.5.0.I20100527-0800,"org.eclipse.ui.views",1312167992682
started,bundle,org.eclipse.ui.workbench,3.6.1.M20100826-1330,"org.eclipse.ui.workbench",1312167992684
started,bundle,org.eclipse.ui.workbench.texteditor,3.6.1.r361_v20100714-0800,"org.eclipse.ui.workbench.texteditor",1312167992686
started,bundle,org.eclipse.update.configurator,3.3.100.v20100512,"org.eclipse.update.configurator",1312167992686
started,bundle,org.eclipse.update.core,3.2.402.R36x_v20100629,"org.eclipse.update.core",1312167992687
started,bundle,org.eclipse.update.scheduler,3.2.300.v20100512,"org.eclipse.update.scheduler",1312167992688
started,bundle,org.eclipse.wst.command.env,1.0.409.v201004211805,"org.eclipse.wst.command.env",1312167992689
started,bundle,org.eclipse.wst.common.core,1.2.0.v200908252030,"org.eclipse.wst.common.core",1312167992690
started,bundle,org.eclipse.wst.common.frameworks,1.2.0.v201003040800,"org.eclipse.wst.common.frameworks",1312167992691
started,bundle,org.eclipse.wst.common.frameworks.ui,1.2.0.v201004080500,"org.eclipse.wst.common.frameworks.ui",1312167992692
started,bundle,org.eclipse.wst.common.project.facet.core,1.4.102.v201008170019,"org.eclipse.wst.common.project.facet.core",1312167992693
started,bundle,org.eclipse.wst.common.ui,1.1.500.v200911190730,"org.eclipse.wst.common.ui",1312167992694
started,bundle,org.eclipse.wst.jsdt.manipulation,1.0.200.v201004150600,"org.eclipse.wst.jsdt.manipulation",1312167992695
started,bundle,org.eclipse.wst.ws,1.1.203.v201004211805,"org.eclipse.wst.ws",1312167992696
started,bundle,org.eclipse.wst.ws.service.policy.ui,1.0.202.v201004211732,"org.eclipse.wst.ws.service.policy.ui",1312167992696
started,bundle,com.adobe.flash.codemodel.core,4.0.1.277662,"com.adobe.flash.codemodel.core",1312167992697
started,bundle,com.adobe.flash.codemodel.osgi,4.0.1.277662,"com.adobe.flash.codemodel.osgi",1312167992698
started,bundle,com.adobe.flash.profiler,4.0.1.277662,"com.adobe.flash.profiler",1312167992699
started,bundle,com.adobe.flexbuilder.ajaxbridge,4.0.1.277662,"com.adobe.flexbuilder.ajaxbridge",1312167992700
started,bundle,com.adobe.flexbuilder.as.editor,4.0.1.277662,"com.adobe.flexbuilder.as.editor",1312167992702
started,bundle,com.adobe.flexbuilder.dcrad,4.0.1.277662,"com.adobe.flexbuilder.dcrad",1312167992703
started,bundle,com.adobe.flexbuilder.debug.ui,4.0.1.277662,"com.adobe.flexbuilder.debug.ui",1312167992704
started,bundle,com.adobe.flexbuilder.editorcore,4.0.1.277662,"com.adobe.flexbuilder.editorcore",1312167992705
started,bundle,com.adobe.flexbuilder.editors.derived,4.0.1.277662,"com.adobe.flexbuilder.editors.derived",1312167992706
started,bundle,com.adobe.flexbuilder.exportimport,4.0.1.277662,"com.adobe.flexbuilder.exportimport",1312167992707
started,bundle,com.adobe.flexbuilder.flashbridge,4.0.1.277662,"com.adobe.flexbuilder.flashbridge",1312167992708
started,bundle,com.adobe.flexbuilder.flexunit,4.0.1.277662,"com.adobe.flexbuilder.flexunit",1312167992708
started,bundle,com.adobe.flexbuilder.importartwork,4.0.1.277662,"com.adobe.flexbuilder.importartwork",1312167992709
started,bundle,com.adobe.flexbuilder.launching.ui,4.0.1.277662,"com.adobe.flexbuilder.launching.ui",1312167992710
started,bundle,com.adobe.flexbuilder.multisdk,4.0.1.277662,"com.adobe.flexbuilder.multisdk",1312167992711
started,bundle,com.adobe.flexbuilder.mxml.editor,4.0.1.277662,"com.adobe.flexbuilder.mxml.editor",1312167992712
started,bundle,com.adobe.flexbuilder.mxmlmodel,4.0.1.277662,"com.adobe.flexbuilder.mxmlmodel",1312167992713
started,bundle,com.adobe.flexbuilder.project,4.0.1.277662,"com.adobe.flexbuilder.project",1312167992713
started,bundle,com.adobe.flexbuilder.project.ui,4.0.1.277662,"com.adobe.flexbuilder.project.ui",1312167992714
started,bundle,com.adobe.flexbuilder.ui,4.0.1.277662,"com.adobe.flexbuilder.ui",1312167992715
started,bundle,com.adobe.flexbuilder.utils.osnative,4.0.1.277662,"com.adobe.flexbuilder.utils.osnative",1312167992716
started,bundle,com.adobe.flexide.amt,4.0.1.277662,"com.adobe.flexide.amt",1312167992717
started,bundle,com.adobe.flexide.as.core,4.0.1.277662,"com.adobe.flexide.as.core",1312167992718
started,bundle,com.adobe.flexide.css.core,4.0.1.277662,"com.adobe.flexide.css.core",1312167992719
started,bundle,com.adobe.flexide.editorcore,4.0.1.277662,"com.adobe.flexide.editorcore",1312167992720
started,bundle,com.adobe.flexide.externaleditors,4.0.1.277662,"com.adobe.flexide.externaleditors",1312167992721
started,bundle,com.adobe.flexide.mxml.core,4.0.1.277662,"com.adobe.flexide.mxml.core",1312167992722
started,bundle,com.adobe.flexide.nativelibs,4.0.1.277662,"com.adobe.flexide.nativelibs",1312167992723
started,bundle,com.adobe.model.core,1.0.2.v20100315273147,"com.adobe.model.core",1312167992724
started,bundle,org.eclipse.egit.core,0.10.1,"org.eclipse.egit.core",1312167992725
started,bundle,org.eclipse.egit.ui,0.10.1,"org.eclipse.egit.ui",1312167992726
started,bundle,org.eclipse.jgit,0.10.1,"org.eclipse.jgit",1312167992728
started,bundle,org.eclipse.epp.usagedata.gathering,1.3.1.R201102081640,"org.eclipse.epp.usagedata.gathering",1312167992728
started,bundle,org.eclipse.epp.usagedata.recording,1.3.1.R201102081640,"org.eclipse.epp.usagedata.recording",1312167992729
started,bundle,org.eclipse.jem.util,2.1.3.v201012070000,"org.eclipse.jem.util",1312167992730
started,bundle,org.eclipse.wst.common.emf,1.2.3.v201012100400,"org.eclipse.wst.common.emf",1312167992731
started,bundle,org.eclipse.wst.common.emfworkbench.integration,1.2.3.v201012020600,"org.eclipse.wst.common.emfworkbench.integration",1312167992731
started,bundle,org.eclipse.wst.ws.service.policy,1.0.204.v201011011834,"org.eclipse.wst.ws.service.policy",1312167992732
started,bundle,org.eclipse.jem,2.0.401.v201104271300,"org.eclipse.jem",1312167992733
started,bundle,org.eclipse.jem.workbench,2.0.301.v201104271300,"org.eclipse.jem.workbench",1312167992734
started,bundle,org.eclipse.jst.common.frameworks,1.1.404.v201103311600,"org.eclipse.jst.common.frameworks",1312167992734
started,bundle,org.eclipse.jst.j2ee,1.1.405.v201104141500,"org.eclipse.jst.j2ee",1312167992736
started,bundle,org.eclipse.jst.j2ee.core,1.2.5.v201104261700,"org.eclipse.jst.j2ee.core",1312167992738
started,bundle,org.eclipse.jst.jee,1.0.303.v201103311600,"org.eclipse.jst.jee",1312167992739
started,bundle,org.eclipse.wst.common.modulecore,1.2.6.v201103310300,"org.eclipse.wst.common.modulecore",1312167992740
started,bundle,org.eclipse.wst.jsdt.core,1.1.5.v201104272136,"org.eclipse.wst.jsdt.core",1312167992742
started,bundle,org.eclipse.wst.jsdt.ui,1.1.5.v201104070556,"org.eclipse.wst.jsdt.ui",1312167992747
started,bundle,org.eclipse.wst.server.core,1.1.207.v20110401_1511,"org.eclipse.wst.server.core",1312167992748
started,bundle,org.eclipse.wst.server.ui,1.1.208.v20110427_1739,"org.eclipse.wst.server.ui",1312167992748
started,bundle,org.eclipse.wst.sse.core,1.1.505.v201104070043,"org.eclipse.wst.sse.core",1312167992749
started,bundle,org.eclipse.wst.validation,1.2.202.v201103212041,"org.eclipse.wst.validation",1312167992750
started,bundle,org.eclipse.wst.web,1.1.403.v201103081400,"org.eclipse.wst.web",1312167992750
